,n,r,CI95%,p-val
spearman,400,0.8788973056081604,[0.85 0.9 ],1.0809304848051956e-129
