,n,r,CI95%,p-val
spearman,400,0.7821497520756779,[0.74 0.82],1.3966596247344975e-83
