,n,r,CI95%,p-val
spearman,400,0.7890514492964229,[0.75 0.82],5.002474068277073e-86
