,n,r,CI95%,p-val
spearman,400,0.6891796823730147,[0.63 0.74],1.6577375173211795e-57
