,n,r,CI95%,p-val
spearman,400,0.8104335027093921,[0.77 0.84],3.151399339511362e-94
