,n,r,CI95%,p-val
spearman,400,0.7871968148924023,[0.75 0.82],2.319518727490633e-85
