,n,r,CI95%,p-val
spearman,400,0.814092588078675,[0.78 0.84],9.780069119446818e-96
