,n,r,CI95%,p-val
spearman,400,0.6894568832271581,[0.63 0.74],1.43407381438798e-57
