,n,r,CI95%,p-val
spearman,400,0.8114480627455559,[0.78 0.84],1.2123822403461832e-94
