,n,r,CI95%,p-val
spearman,22,0.6341050254093734,[0.28 0.84],0.0020222403093210035
