,n,r,CI95%,p-val
spearman,400,0.7856785021024997,[0.74 0.82],8.051038772263899e-85
