,n,r,CI95%,p-val
spearman,400,0.8105242532765828,[0.77 0.84],2.893987431750027e-94
