,n,r,CI95%,p-val
spearman,400,0.8168953850956364,[0.78 0.85],6.491760872593104e-97
