,n,r,CI95%,p-val
spearman,22,0.6865482890810506,[0.36 0.86],0.0005880284327117438
