,n,r,CI95%,p-val
spearman,400,0.6581174646513882,[0.6  0.71],7.091830346001059e-51
