,n,r,CI95%,p-val
spearman,400,0.6602090638066487,[0.6  0.71],2.6856200032295216e-51
