,n,r,CI95%,p-val
spearman,400,0.4606689728934756,[0.38 0.53],2.353761012500703e-22
