,n,r,CI95%,p-val
spearman,400,0.7767787298670615,[0.73 0.81],9.716108633664615e-82
