,n,r,CI95%,p-val
spearman,400,0.7890593468312723,[0.75 0.82],4.969738896163889e-86
