,n,r,CI95%,p-val
spearman,400,0.7819160514030554,[0.74 0.82],1.6840075066132113e-83
